City,Lat,Lng,Max Temp,Humidity,Cloudiness,Wind Speed,Country,Date
North Bend,43.4065,-124.2243,42.8,87,90,9.22,US,1613798030
Tiksi,71.6872,128.8694,-29.81,85,98,2.55,RU,1613797862
East London,-33.0153,27.9116,69.8,88,40,12.66,ZA,1613798037
São Filipe,14.8961,-24.4956,69.28,75,11,8.52,CV,1613798041
Jamestown,42.097,-79.2353,18.0,79,90,14.97,US,1613797578
Provideniya,64.3833,-173.3,-2.2,71,0,11.18,RU,1613797819
Lucapa,-8.4192,20.7447,65.48,99,100,3.04,AO,1613798042
Puerto Ayora,-0.7393,-90.3518,75.99,94,75,1.01,EC,1613797738
Nikolskoye,59.7035,30.7861,14.0,79,40,4.47,RU,1613797683
Albany,42.6001,-73.9662,26.6,74,75,10.36,US,1613797775
Ushuaia,-54.8,-68.3,48.2,81,90,3.44,AR,1613797681
Kapaa,22.0752,-159.319,73.4,83,75,12.66,US,1613797723
Rikitea,-23.1203,-134.9692,79.56,69,91,8.88,PF,1613797689
Longyearbyen,78.2186,15.6401,21.2,63,20,12.66,SJ,1613797936
Atuona,-9.8,-139.0333,79.45,79,5,14.85,PF,1613797715
Aksu,41.1231,80.2644,48.36,43,39,2.51,CN,1613798043
Lunino,53.5918,45.2271,-10.1,90,84,3.36,RU,1613798045
Haines Junction,60.7522,-137.5108,5.0,66,98,12.66,CA,1613798054
La Cumbre,-30.982,-64.4914,66.99,82,75,2.3,AR,1613798054
Sandwick,60.0,-1.25,46.4,87,100,11.5,GB,1613798058
Cherskiy,68.75,161.3,-30.21,84,0,2.48,RU,1613798059
Vila Franca do Campo,37.7167,-25.4333,48.2,71,40,13.8,PT,1613798066
Butaritari,3.0707,172.7902,80.98,81,90,14.7,KI,1613797915
Hadgāon,19.5,77.6667,79.56,35,12,10.92,IN,1613798069
Ostrovnoy,68.0531,39.5131,-3.82,90,44,4.76,RU,1613798070
Faanui,-16.4833,-151.75,81.81,74,54,13.47,PF,1613797782
Shaowu,27.3409,117.4831,71.06,32,0,0.6,CN,1613798073
Bluff,-46.6,168.3333,69.01,63,0,10.0,NZ,1613797702
Saldanha,-33.0117,17.9442,51.8,82,5,2.3,ZA,1613798073
Kaitangata,-46.2817,169.8464,64.99,77,0,5.01,NZ,1613798077
Ola,59.5833,151.2833,5.85,85,90,12.19,RU,1613798077
Kuching,1.55,110.3333,80.6,89,40,3.44,MY,1613798077
Ouallam,14.3188,2.0866,63.27,23,0,10.11,NE,1613798080
Mataura,-46.1927,168.8643,69.01,63,0,10.0,NZ,1613797676
Krasnosel'kup,65.7,82.4667,-23.87,84,100,0.85,RU,1613798081
Lagoa,39.05,-27.9833,51.85,65,55,25.7,PT,1613798081
Ojinaga,29.5667,-104.4167,44.6,76,1,5.75,MX,1613797840
Hobart,-42.8794,147.3294,73.0,72,90,17.27,AU,1613797547
Torbay,47.6666,-52.7314,24.01,68,90,6.91,CA,1613798088
Labuhan,-6.8844,112.2051,84.54,72,85,13.53,ID,1613798088
Luanda,-8.8368,13.2343,78.8,78,75,3.44,AO,1613797798
Bonavista,48.6499,-53.1147,24.01,85,93,4.61,CA,1613798088
Omboué,-1.5746,9.2618,77.47,85,100,1.92,GA,1613798089
Grand-Lahou,5.1367,-5.0242,77.85,88,81,5.41,CI,1613798093
Kahului,20.8947,-156.47,73.4,73,40,12.66,US,1613798093
Tuktoyaktuk,69.4541,-133.0374,-31.0,75,1,10.36,CA,1613798097
Te Anau,-45.4167,167.7167,71.89,34,0,6.69,NZ,1613798104
Tasiilaq,65.6145,-37.6368,30.2,93,90,4.61,GL,1613797778
Grand Gaube,-20.0064,57.6608,84.99,74,61,7.0,MU,1613797677
Saint-Louis,16.3333,-15.0,68.86,24,0,9.98,SN,1613798113
George Town,5.4112,100.3354,91.4,38,20,14.97,MY,1613797644
Portobelo,9.55,-79.65,77.0,99,82,8.39,PA,1613798117
São João da Barra,-21.6403,-41.0511,74.97,93,75,2.59,BR,1613798123
Faya,18.3851,42.4509,55.4,94,75,10.36,SA,1613798124
Qaanaaq,77.484,-69.3632,-29.9,78,87,1.81,GL,1613797735
Dunedin,-45.8742,170.5036,64.99,70,0,11.01,NZ,1613798063
Mirante do Paranapanema,-22.2919,-51.9064,68.0,64,0,2.48,BR,1613798127
Wanning,18.8003,110.3967,72.64,56,41,6.11,CN,1613798127
New Norfolk,-42.7826,147.0587,73.0,52,36,4.0,AU,1613797670
Kaeo,-35.1,173.7833,70.14,58,0,4.65,NZ,1613798128
Hilo,19.7297,-155.09,75.2,73,40,3.44,US,1613797980
Champerico,14.3,-91.9167,64.99,95,29,3.62,GT,1613798128
Jos,9.9167,8.9,52.48,40,27,6.13,NG,1613798028
Cape Town,-33.9258,18.4232,64.4,63,40,3.44,ZA,1613797693
Bredasdorp,-34.5322,20.0403,62.6,72,68,4.61,ZA,1613797826
Urengoy,65.9667,78.3667,-25.53,84,100,3.29,RU,1613798135
Norman Wells,65.282,-126.8329,-14.8,70,90,16.11,CA,1613798139
Lebu,-37.6167,-73.65,53.31,78,0,14.76,CL,1613797852
Asău,46.4333,26.4,26.01,63,100,1.88,RO,1613798146
Hermanus,-34.4187,19.2345,60.01,92,82,9.42,ZA,1613797894
Los Llanos de Aridane,28.6585,-17.9182,60.8,72,0,3.44,ES,1613798146
Iralaya,15.0,-83.2333,76.71,82,0,5.55,HN,1613798147
Dikson,73.5069,80.5464,-17.5,87,98,8.99,RU,1613797914
Bilibino,68.0546,166.4372,-18.51,64,0,0.63,RU,1613798147
Castro,-24.7911,-50.0119,59.65,96,0,5.1,BR,1613797815
Spirit River,55.7833,-118.8361,34.0,69,100,10.36,CA,1613798147
Busselton,-33.65,115.3333,78.01,49,0,5.01,AU,1613797769
Severo-Kuril'sk,50.6789,156.125,28.69,95,98,19.69,RU,1613798148
Saint-Philippe,-21.3585,55.7679,86.0,66,75,3.44,RE,1613797766
San Quintín,30.4833,-115.95,57.85,73,0,9.53,MX,1613798153
Broome,42.2506,-75.833,19.4,79,90,9.22,US,1613798160
Puerto Peñasco,31.3167,-113.5333,62.01,49,0,5.01,MX,1613798167
Porto San Giorgio,43.1827,13.7934,46.0,10,56,5.08,IT,1613798168
Okhotsk,59.3833,143.3,8.69,87,81,14.12,RU,1613797861
Ribeira Grande,38.5167,-28.7,53.02,63,78,24.14,PT,1613797725
Vaini,-21.2,-175.2,80.6,65,75,11.5,TO,1613797677
Mayumba,-3.432,10.6554,77.0,79,99,5.39,GA,1613798168
Kumul,42.8,93.45,47.82,43,100,1.7,CN,1613798175
Barrow,71.2906,-156.7887,-5.8,77,90,12.66,US,1613797529
Srīvardhan,18.0333,73.0167,84.69,41,55,5.46,IN,1613798182
Saskylakh,71.9167,114.0833,-27.15,84,87,7.07,RU,1613798191
Komyshuvakha,47.7176,35.5288,5.0,85,18,1.1,UA,1613798198
Yellowknife,62.456,-114.3525,5.0,85,90,9.22,CA,1613797539
Port Alfred,-33.5906,26.891,70.0,93,32,5.99,ZA,1613797888
Punta Arenas,-53.15,-70.9167,50.0,71,90,10.36,CL,1613797765
Vardø,70.3705,31.1107,16.77,91,9,12.3,NO,1613798199
Semaria,24.3073,79.9718,78.15,18,0,4.79,IN,1613798206
Portsmouth,50.799,-1.0913,52.0,89,100,1.99,GB,1613798202
Magán,39.9683,-3.931,51.01,63,45,3.0,ES,1613798206
Tommot,58.9564,126.2925,-7.78,85,100,1.34,RU,1613798213
Calabozo,8.9242,-67.4293,73.96,67,8,8.37,VE,1613798213
La Santisima Trinidad,-14.8333,-64.9,74.41,94,100,1.97,BO,1613798221
George,-33.963,22.4617,64.4,82,40,6.91,ZA,1613798221
Smithers,54.7804,-127.1743,33.8,64,90,12.66,CA,1613798225
Airai,-8.9266,125.4092,70.48,91,100,4.65,TL,1613798225
Cidreira,-30.1811,-50.2056,68.38,89,2,4.14,BR,1613798143
Alvdal,62.1077,10.6307,30.2,80,75,8.05,NO,1613798231
Aksarka,66.5606,67.7975,-30.01,83,99,9.62,RU,1613798234
Costineşti,43.95,28.6333,32.0,93,90,5.75,RO,1613798235
Pevek,69.7008,170.3133,-25.53,86,0,3.94,RU,1613797913
Mahon,39.8885,4.2658,51.8,87,75,5.75,ES,1613798244
Moose Factory,51.2585,-80.6094,10.4,85,90,3.44,CA,1613798250
Antofagasta,-23.65,-70.4,62.6,88,0,5.75,CL,1613798251
Hong Kong,22.2855,114.1577,73.0,61,67,1.01,HK,1613798081
Sept-Îles,50.2001,-66.3821,8.01,66,20,8.05,CA,1613798108
Fairbanks,64.8378,-147.7164,-16.01,80,100,1.1,US,1613798014
Nanding,36.7483,118.0558,75.0,12,20,3.0,CN,1613798252
Köping,59.514,15.9926,37.0,100,90,8.05,SE,1613798255
Nome,64.5011,-165.4064,-13.0,77,1,5.75,US,1613798256
Kidal,18.4411,1.4078,64.49,22,57,11.36,ML,1613798259
Grindavik,63.8424,-22.4338,33.8,80,0,12.66,IS,1613798266
Erzin,36.9559,36.2,39.99,55,0,7.0,TR,1613798266
Hay River,60.8156,-115.7999,10.4,79,24,4.61,CA,1613798148
Sola,-13.8833,167.55,84.34,75,88,9.33,VU,1613798266
Chui,-33.6971,-53.4616,64.09,87,15,6.33,UY,1613797902
Una,20.8167,71.0333,83.8,33,2,12.75,IN,1613798266
Yumen,40.2833,97.2,50.72,29,85,19.64,CN,1613798273
Arona,28.0996,-16.681,61.0,77,0,10.36,ES,1613798273
Muhafazat Lahij,13.1667,44.5833,69.96,79,98,4.88,YE,1613798273
Dolinsk,47.35,142.8,23.0,86,40,13.42,RU,1613798276
Atar,20.5169,-13.0499,63.64,25,0,7.96,MR,1613798279
Yangi Marg`ilon,40.4272,71.7189,44.6,61,75,6.91,UZ,1613798279
Vitim,59.4511,112.5578,-6.72,85,2,4.99,RU,1613798280
Naranjal,-2.6667,-79.6167,79.0,73,75,5.75,EC,1613798280
Bengkulu,-3.8004,102.2655,88.81,57,41,6.89,ID,1613797761
Bamnet Narong,15.4992,101.6897,82.6,30,0,14.63,TH,1613798280
Yaring,6.8662,101.3689,84.2,65,20,12.66,TH,1613798280
Sitka,57.0531,-135.33,33.8,86,90,17.27,US,1613797774
Bethel,41.3712,-73.414,30.2,80,90,4.61,US,1613798280
Hasaki,35.7333,140.8333,61.0,36,20,16.11,JP,1613798280
Klaksvík,62.2266,-6.589,44.6,93,90,18.41,FO,1613797718
Sobolevo,54.4299,31.8996,1.8,93,97,6.08,RU,1613798284
Khani,41.9563,42.9566,35.6,100,90,2.3,GE,1613798287
Codrington,-38.2667,141.9667,68.27,68,80,12.3,AU,1613798068
Talnakh,69.4865,88.3972,-29.13,72,12,3.74,RU,1613797696
Saint Paul Harbor,57.79,-152.4072,26.6,43,1,3.44,US,1613798293
Popondetta,-8.7537,148.2534,88.43,61,19,5.35,PG,1613798293
Mossamedes,-15.1961,12.1522,69.64,78,100,8.3,AO,1613798293
Bureya,49.8133,129.8131,8.74,93,100,10.36,RU,1613798297
Sioux Lookout,50.1001,-91.917,-5.8,77,1,4.61,CA,1613798297
Narsaq,60.9167,-46.05,21.2,73,75,4.61,GL,1613798300
Rocha,-34.4833,-54.3333,59.65,83,6,3.6,UY,1613798300
Khovd,48.0056,91.6419,45.28,48,0,13.29,MN,1613798303
Ranong,9.9658,98.6348,89.6,51,40,11.5,TH,1613798306
Brae,60.3964,-1.353,46.4,87,100,11.5,GB,1613798306
Puerto Escondido,15.85,-97.0667,75.2,88,1,3.44,MX,1613798313
Lena,43.1,-5.7333,59.0,51,0,4.61,ES,1613798313
San Vicente,-26.6167,-54.1333,60.4,99,0,3.11,AR,1613798313
Caravelas,-17.7125,-39.2481,78.01,87,100,9.75,BR,1613798313
Saint George,37.1041,-113.5841,46.99,24,1,4.61,US,1613797614
Mar del Plata,-38.0023,-57.5575,57.0,82,0,8.05,AR,1613797895
Port Blair,11.6667,92.75,86.0,66,40,13.8,IN,1613798319
Mahébourg,-20.4081,57.7,84.2,74,40,11.5,MU,1613798204
Zabid,14.1951,43.3152,75.38,79,52,3.4,YE,1613798323
Cabo San Lucas,22.8909,-109.9124,63.0,65,0,3.0,MX,1613798060
Ginda,30.6945,78.4932,66.2,55,0,4.83,IN,1613797906
Ponta do Sol,32.6667,-17.1,62.01,90,100,11.99,PT,1613798326
Sinnamary,5.3833,-52.95,76.57,82,94,10.76,GF,1613798327
Kanye,-24.9667,25.3327,65.53,36,0,5.21,BW,1613798083
Hithadhoo,-0.6,73.0833,83.23,74,80,10.45,MV,1613798330
Avarua,-21.2078,-159.775,77.0,83,40,5.75,CK,1613798114
Tateyama,34.9833,139.8667,62.01,47,20,28.77,JP,1613798333
Neiafu,-18.65,-173.9833,77.0,83,75,4.61,TO,1613798333
Bubaque,11.2833,-15.8333,77.85,68,95,13.51,GW,1613798340
Aras,42.5617,-2.356,48.99,76,0,14.97,ES,1613798340
Augustów,53.8432,22.9798,33.28,97,100,7.31,PL,1613798347
Anadyr,64.75,177.4833,-27.4,68,20,8.95,RU,1613798351
Vuktyl,63.8567,57.3094,-25.37,86,98,3.36,RU,1613798351
Chara,56.9064,118.2631,-11.79,80,23,0.87,RU,1613798357
Atakpamé,7.5333,1.1333,71.4,42,11,1.5,TG,1613798361
Esperance,-33.8667,121.9,75.2,46,0,11.5,AU,1613797771
Emerald,-23.5333,148.1667,93.2,33,40,5.75,AU,1613797700
Katsuura,35.1333,140.3,62.01,38,0,11.01,JP,1613798245
Port Elizabeth,-33.918,25.5701,69.8,83,40,20.71,ZA,1613798361
Clyde River,70.4692,-68.5914,-23.8,62,75,9.22,CA,1613797857
Boundiali,9.5217,-6.4869,70.36,22,9,1.59,CI,1613798361
Rādhanpur,23.8333,71.6,82.83,15,44,13.73,IN,1613798365
Nanortalik,60.1432,-45.2371,19.17,91,100,12.57,GL,1613798371
Yatou,37.15,122.3833,53.8,43,16,11.72,CN,1613798378
Leshukonskoye,64.8989,45.7622,-28.16,85,44,3.98,RU,1613798381
Teluk Nibung,3.001,99.8164,86.41,57,76,2.28,ID,1613798381
Fort Nelson,58.8053,-122.7002,24.8,74,75,3.44,CA,1613798381
Luwuk,-0.9516,122.7875,91.11,48,100,1.1,ID,1613798382
Souillac,-20.5167,57.5167,84.2,74,40,11.5,MU,1613798382
Fes,34.0372,-4.9998,46.4,71,0,10.36,MA,1613798382
Eucaliptus,-17.5833,-67.5167,50.49,69,100,7.05,BO,1613798382
Yerbogachën,61.2767,108.0108,-18.09,85,22,6.44,RU,1613798382
Constitución,-35.3333,-72.4167,59.23,52,0,5.06,CL,1613798382
Kavieng,-2.5744,150.7967,84.18,76,12,10.51,PG,1613798386
Sungai Penuh,-2.0833,101.3833,71.83,81,90,2.01,ID,1613798392
Masuguru,-11.3667,38.4167,75.24,87,100,1.66,TZ,1613798392
Soma,39.1855,27.6094,35.6,93,75,4.07,TR,1613798392
Traverse City,44.7631,-85.6206,23.0,86,90,2.64,US,1613798267
Port Hawkesbury,45.6169,-61.3485,18.0,79,90,6.91,CA,1613798396
Newburg,38.1601,-85.6597,19.4,63,20,4.61,US,1613798222
Vila,42.0304,-8.1588,54.0,74,100,25.99,PT,1613798406
Ketchikan,55.3422,-131.6461,39.2,87,20,5.75,US,1613798408
College,64.8569,-147.8028,-16.01,63,100,1.16,US,1613798417
Avera,33.194,-82.5271,37.4,72,1,8.05,US,1613798417
Lavumisa,-27.31,31.892,73.4,88,100,3.44,SZ,1613798417
Lesnikovo,55.2822,65.3175,-1.28,92,99,9.01,RU,1613798428
Mwinilunga,-11.7358,24.4293,63.79,96,100,6.38,ZM,1613798428
Mbigou,-1.9005,11.906,66.58,98,100,1.72,GA,1613798317
Ngunguru,-35.6167,174.5,67.86,68,0,5.57,NZ,1613798437
Kiunga,-6.1219,141.2906,96.31,42,60,4.68,PG,1613798441
Durazno,-33.4131,-56.5006,61.41,71,0,3.29,UY,1613798447
Ust'-Kulom,61.6864,53.6902,-9.85,90,90,0.56,RU,1613798454
Makakilo City,21.3469,-158.0858,75.2,78,1,5.75,US,1613798457
Krasnyy Chikoy,50.3643,108.7512,32.47,94,100,3.69,RU,1613798463
Fukuechō,32.6881,128.8419,64.4,59,20,14.97,JP,1613798464
Road Town,18.4167,-64.6167,77.0,86,0,4.0,VG,1613798426
Örnsköldsvik,63.2909,18.7153,32.0,100,90,8.05,SE,1613798464
Kruisfontein,-34.0033,24.7314,69.01,78,81,3.0,ZA,1613798253
Bayan,46.0833,127.4,15.1,93,33,8.52,CN,1613798470
Krasnogorsk,55.8225,37.3181,6.8,85,0,2.24,RU,1613798477
Qaqortoq,60.7167,-46.0333,21.2,73,75,4.61,GL,1613798477
Shenjiamen,29.9576,122.298,58.35,62,0,9.66,CN,1613798483
Samur,41.8253,48.486,35.87,94,100,4.45,RU,1613798486
Rawson,-43.3002,-65.1023,55.35,57,0,8.34,AR,1613798493
Kununurra,-15.7667,128.7333,93.2,33,40,11.5,AU,1613798493
Karpathos,35.507,27.2132,50.0,66,16,4.61,GR,1613798493
Walvis Bay,-22.9575,14.5053,62.01,88,20,9.22,NA,1613798279
Thetford Mines,46.0913,-71.3013,21.0,79,100,3.31,CA,1613798499
Bhubaneswar,20.2333,85.8333,77.0,61,75,8.05,IN,1613798499
Theunissen,-28.411,26.7011,65.17,29,0,5.28,ZA,1613798499
Jinka,5.65,36.65,67.35,70,100,0.65,ET,1613798500
Taltal,-25.4,-70.4833,64.9,74,0,2.84,CL,1613798506
Padang,-0.9492,100.3543,87.8,62,20,6.91,ID,1613798509
Abu Samrah,35.3029,37.1841,37.92,74,51,5.7,SY,1613798512
Batticaloa,7.7102,81.6924,82.49,75,93,10.92,LK,1613798512
Somotillo,13.0433,-86.9064,74.84,57,1,4.09,NI,1613798512
Broken Hill,-31.95,141.4333,98.6,15,75,3.44,AU,1613798512
Sambava,-14.2667,50.1667,81.16,80,100,6.58,MG,1613798516
Meadow Lake,34.8014,-106.5436,35.6,51,1,1.36,US,1613798522
Camaná,-16.6228,-72.7111,68.86,81,17,6.82,PE,1613798528
Khatanga,71.9667,102.5,-26.68,85,65,8.52,RU,1613798535
Tuatapere,-46.1333,167.6833,69.01,65,0,10.0,NZ,1613798541
Marabu,4.4148,114.0089,87.8,66,40,14.97,MY,1613798518
Vanderhoof,54.0166,-124.0198,24.91,92,84,6.51,CA,1613798544
Yulara,-25.2406,130.9889,100.4,19,40,6.91,AU,1613798548
Fare,-16.7,-151.0167,82.04,74,85,14.81,PF,1613798551
Linjiang,41.8069,126.9078,32.79,81,62,4.61,CN,1613798554
Vyshestebliyevskaya,45.1961,37.0181,24.8,80,40,15.66,RU,1613798554
Tura,25.5198,90.2201,83.25,17,18,4.7,IN,1613798555
Vestmannaeyjar,63.4427,-20.2734,38.91,74,99,13.15,IS,1613798555
Salalah,17.0151,54.0924,73.4,40,0,4.61,OM,1613798555
Coahuayana Viejo,18.7333,-103.6833,67.21,85,41,2.53,MX,1613798555
Mitsamiouli,-11.3847,43.2844,78.8,89,90,6.91,KM,1613798555
Saint-François,46.4154,3.9054,48.99,71,0,4.61,FR,1613798556
Zvenigovo,55.9742,48.0181,-7.6,84,0,6.71,RU,1613798559
Waipawa,-41.4122,175.5153,68.0,68,0,20.71,NZ,1613798562
Svetlaya,46.5389,138.3297,26.69,95,100,11.21,RU,1613798566
Ban Dung,17.699,103.2596,82.99,36,0,6.62,TH,1613798569
Upernavik,72.7868,-56.1549,-21.59,86,70,11.07,GL,1613798569
San Jerónimo,-11.9472,-75.2829,47.44,67,60,1.12,PE,1613798569
Dabola,10.75,-11.1167,77.11,62,49,3.58,GN,1613798572
Coquimbo,-29.9533,-71.3436,59.0,88,0,0.78,CL,1613798468
Bandarbeyla,9.4942,50.8122,74.52,66,73,16.8,SO,1613798573
Isla Mujeres,21.2311,-86.731,73.0,88,90,6.91,MX,1613798382
Nuuk,64.1835,-51.7216,10.4,79,75,4.61,GL,1613798573
Merauke,-8.4667,140.3333,86.07,68,100,10.54,ID,1613798573
Hirosaki,40.5931,140.4725,42.01,93,75,17.27,JP,1613798576
Arraial do Cabo,-22.9661,-42.0278,75.85,91,18,6.91,BR,1613798577
Luau,-10.7073,22.2247,64.8,99,99,4.16,AO,1613798580
Astara,38.5,48.6667,37.4,100,40,9.22,AZ,1613798580
Iqaluit,63.7506,-68.5145,-22.0,69,1,9.22,CA,1613798584
Rohnert Park,38.3396,-122.7011,48.2,87,75,5.75,US,1613798504
Bohdan,48.0412,24.3522,28.62,94,93,2.62,UA,1613798585
Chicama,-7.8447,-79.1469,72.01,76,0,5.01,PE,1613798586
Salair,54.2312,85.7972,-4.74,90,98,11.18,RU,1613798586
Laytown,53.6819,-6.2392,46.4,93,40,10.36,IE,1613798587
Coyhaique,-45.5752,-72.0662,51.8,71,75,4.61,CL,1613798587
Puerto Colombia,10.9878,-74.9547,78.8,83,0,3.44,CO,1613798587
Port Hardy,50.6996,-127.4199,41.0,100,75,8.05,CA,1613798587
Grand-Santi,4.25,-54.3833,68.88,95,83,2.51,GF,1613798588
Hobyo,5.3505,48.5268,78.3,67,96,22.41,SO,1613798591
Alofi,-19.0595,-169.9187,80.6,83,43,10.36,NU,1613798415
Nizwá,22.9333,57.5333,74.98,19,23,2.3,OM,1613798595
Laguna,38.421,-121.4238,51.01,81,1,11.5,US,1613798595
Mount Gambier,-37.8333,140.7667,71.6,56,40,13.8,AU,1613798585
Kizilskoye,52.7255,58.8937,-4.79,90,83,10.4,RU,1613798595
High Level,58.5169,-117.136,21.2,73,1,4.61,CA,1613798595
Bambanglipuro,-7.95,110.2833,88.52,60,54,4.92,ID,1613798595
San Buenaventura,27.0833,-101.5333,42.82,61,0,1.01,MX,1613798599
Siocon,7.7061,122.1353,81.77,62,100,14.99,PH,1613798599
San Patricio,28.017,-97.5169,37.4,80,1,5.57,US,1613798599
Elizabeth City,36.2946,-76.2511,35.6,75,1,10.36,US,1613798599
Bambous Virieux,-20.3428,57.7575,84.99,74,40,11.5,MU,1613798600
Ben Gardane,33.1378,11.2197,55.51,40,99,5.17,TN,1613798600
Muskegon,43.3,-86.1334,21.99,93,90,6.91,US,1613798541
Wolgast,54.05,13.7667,35.01,91,100,1.01,DE,1613798600
Sigiriya,7.9518,80.7426,83.62,65,78,7.56,LK,1613798604
Sur,22.5667,59.5289,77.7,26,31,1.41,OM,1613798604
Salym,60.0625,71.4789,-11.2,89,100,5.39,RU,1613798604
Korla,41.7597,86.1469,44.96,51,100,2.55,CN,1613798604
Geraldton,-28.7667,114.6,87.8,35,0,17.27,AU,1613798604
Alta Floresta,-9.8756,-56.0861,71.02,96,100,2.04,BR,1613798608
Reykjavik,64.1355,-21.8954,35.6,51,40,8.05,IS,1613798611
Lüderitz,-26.6481,15.1594,62.28,65,0,16.96,NA,1613798611
West Bay,19.3667,-81.4167,79.0,83,0,1.01,KY,1613798562
Thompson,55.7435,-97.8558,3.2,72,20,6.91,CA,1613798611
Casper,42.8666,-106.3131,28.4,64,75,10.36,US,1613798600
Lavrentiya,65.5833,-171.0,-13.65,86,61,3.29,RU,1613798615
Aklavik,68.2191,-135.0107,-20.2,76,96,3.44,CA,1613798615
Dhenkānāl,20.6667,85.6,77.0,61,75,8.05,IN,1613798619
Arrondissement de Saint-Jean-de-Maurienne,45.1667,6.5833,39.0,76,0,1.99,FR,1613798622
Bodden Town,19.2833,-81.25,79.0,41,22,4.0,KY,1613798622
French Rocks,12.5006,76.6733,71.6,73,40,8.05,IN,1613798622
Yeniseysk,58.4497,92.1703,-4.7,89,100,10.69,RU,1613798625
Rājur,20.1167,78.9167,82.08,32,32,9.84,IN,1613798626
Sinjai,-5.1241,120.253,82.11,72,100,5.64,ID,1613798482
The Valley,18.217,-63.0578,77.0,73,40,10.36,AI,1613798629
Samarai,-10.6167,150.6667,86.16,68,33,0.96,PG,1613798629
Wajir,1.7471,40.0573,77.0,69,0,11.14,KE,1613798629
Sunrise Manor,36.2111,-115.0731,52.0,22,1,5.75,US,1613798629
Chester,40.1254,-75.8749,28.99,80,90,16.11,US,1613798629
Paamiut,61.994,-49.6678,7.79,89,48,11.05,GL,1613798629
Kontagora,10.3999,5.4695,64.62,24,49,8.3,NG,1613798630
La Ronge,55.1001,-105.2842,15.8,67,100,6.91,CA,1613798633
Praia da Vitória,38.7333,-27.0667,48.99,76,40,18.84,PT,1613798530
Margate,51.3813,1.3862,53.01,75,68,5.99,GB,1613798633
Forssa,60.8146,23.6215,21.0,92,100,3.0,FI,1613798636
St. George's,12.0564,-61.7485,77.0,78,20,14.97,GD,1613798639
Qui Nhon,13.7667,109.2333,73.58,71,91,17.05,VN,1613798640
Maragogi,-9.0122,-35.2225,76.46,86,62,7.05,BR,1613798643
Usinsk,65.9939,57.5281,-25.19,85,75,6.33,RU,1613798644
Portland,45.5234,-122.6762,43.0,81,90,8.05,US,1613798035
Olafsvik,64.8945,-23.7142,36.19,83,100,20.13,IS,1613798647
Cedar City,37.6775,-113.0619,37.4,32,1,20.71,US,1613798647
Sisimiut,66.9395,-53.6735,-3.8,87,91,8.86,GL,1613798648
Kungurtug,50.5994,97.5228,29.61,93,76,13.47,RU,1613798651
Manoel Urbano,-8.8389,-69.2597,71.78,97,99,1.63,BR,1613798651
Volkach,49.8667,10.2333,39.99,85,96,2.86,DE,1613798654
Log,49.4844,43.8613,13.23,89,93,8.41,RU,1613798654
Phan Thiet,10.9333,108.1,85.28,42,0,17.81,VN,1613798655
Chihuahua,28.5,-106.0,51.53,43,0,2.98,MX,1613798430
Marsá Maţrūḩ,31.3525,27.2453,50.0,76,40,3.44,EG,1613798655
Inuvik,68.3499,-133.7218,-20.2,76,98,3.44,CA,1613798658
Vikhorevka,56.1201,101.1636,8.01,72,90,31.32,RU,1613798662
Kenai,60.5544,-151.2583,5.0,71,1,8.01,US,1613798665
Berlevåg,70.8578,29.0864,13.17,87,3,11.32,NO,1613798665
Hanyang,32.1371,105.5126,53.01,70,0,1.01,CN,1613798668
Chapada dos Guimarães,-15.4606,-55.7497,80.6,69,0,2.3,BR,1613798669
Aripuanã,-9.1667,-60.6333,72.36,99,100,0.98,BR,1613798669
Kushmurun,52.4503,64.6311,-6.65,90,50,14.36,KZ,1613798670
Muzaffarabad,34.37,73.4711,67.75,24,96,1.74,PK,1613798673
Pisco,-13.7,-76.2167,69.8,83,0,5.75,PE,1613798676
Launceston,-41.45,147.1667,80.6,36,90,19.57,AU,1613798676
Lahaina,20.8783,-156.6825,73.4,73,40,12.66,US,1613798676
Nemuro,43.3236,145.575,39.2,81,40,17.27,JP,1613798677
Bereda,43.2686,-7.5406,59.0,72,40,31.07,ES,1613798677
Carnarvon,-24.8667,113.6333,86.0,70,0,14.97,AU,1613798680
Chokurdakh,70.6333,147.9167,-30.66,84,0,3.91,RU,1613798680
Yenagoa,4.9247,6.2642,71.22,77,0,3.69,NG,1613798684
Tigil',57.8,158.6667,14.94,95,98,6.87,RU,1613798684
Ihosy,-22.4,46.1167,76.5,78,30,3.02,MG,1613798681
Northam,51.0333,-4.2167,53.01,94,100,8.99,GB,1613798684
Ahipara,-35.1667,173.1667,69.33,65,8,4.23,NZ,1613798687
Līsakovsk,52.5369,62.4936,-4.54,90,33,12.88,KZ,1613798687
Chauk,20.8833,94.8167,87.6,32,99,5.68,MM,1613798687
Qasigiannguit,68.8193,-51.1922,-4.0,59,100,2.3,GL,1613798688
Ishigaki,24.3448,124.1572,66.2,52,40,6.91,JP,1613798688
Senanga,-16.1167,23.2667,67.24,92,100,9.62,ZM,1613798691
Kavaratti,10.5669,72.642,81.59,60,50,6.64,IN,1613798443
Zima,53.9202,102.0442,18.82,90,100,20.74,RU,1613798691
Ribeira Brava,32.65,-17.0667,60.01,99,100,5.99,PT,1613798691
Cururupu,-1.8283,-44.8683,74.41,95,78,2.57,BR,1613798691
Kamaishi,39.2667,141.8833,39.2,93,75,11.5,JP,1613798694
Leningradskiy,69.3833,178.4167,-17.77,80,8,6.26,RU,1613798695
Bratsk,56.1325,101.6142,8.01,72,90,31.32,RU,1613798695
Kalaiya,27.0327,85.0022,77.67,27,0,5.32,NP,1613798695
Deputatsky,69.3,139.9,-27.26,87,15,0.29,RU,1613798695
Shīeli,44.1667,66.75,27.03,83,0,4.63,KZ,1613798695
Viedma,-40.8135,-62.9967,56.16,59,0,9.17,AR,1613798465
Vostok,46.4856,135.8833,12.99,96,100,12.33,RU,1613798565
Angoche,-16.2325,39.9086,81.07,82,100,4.88,MZ,1613798695
Port Lincoln,-34.7333,135.8667,68.43,61,25,14.14,AU,1613798696
Ponta Delgada,37.7333,-25.6667,50.0,71,20,9.22,PT,1613798699
Chagoda,59.164,35.3285,-1.55,92,100,3.62,RU,1613798699
Makkah al Mukarramah,21.4267,39.8261,64.72,52,8,6.82,SA,1613798699
Nampa,43.5407,-116.5635,37.99,100,90,6.91,US,1613798703
Impfondo,1.6381,18.0667,71.02,40,97,2.21,CG,1613798707
Luocheng,29.3848,104.0286,71.8,37,30,3.85,CN,1613798707
La Palma,33.8464,-118.0467,57.2,51,1,2.28,US,1613798707
Nadezhda,44.1,44.6,22.86,98,96,2.04,RU,1613798708
Tabou,4.423,-7.3528,77.36,88,52,5.01,CI,1613798602
Araouane,18.9048,-3.5265,70.61,20,70,6.13,ML,1613798708
Alice Springs,-23.7,133.8833,100.4,15,40,11.5,AU,1613798712
Garissa,-0.4536,39.6401,77.38,76,100,7.45,KE,1613798715
Tyret’ Pervaya,53.6703,102.3106,19.96,92,100,22.5,RU,1613798715
Georgiyevka,43.0369,74.7114,35.6,93,90,4.47,KZ,1613798715
Westport,41.1415,-73.3579,32.0,80,90,8.05,US,1613798719
Chake Chake,-5.2459,39.7666,82.22,76,100,1.34,TZ,1613798719
Plouzané,48.3833,-4.6167,53.6,87,100,19.57,FR,1613798723
Barinas,8.6226,-70.2075,78.53,54,25,1.79,VE,1613798723
Pemangkat,1.1667,108.9667,84.09,69,97,14.72,ID,1613798723
Myaundzha,63.0494,147.1858,-12.15,85,2,2.13,RU,1613798727
Vung Tau,10.346,107.0843,81.03,53,3,17.36,VN,1613798727
San José de Ocoa,18.55,-70.5,63.7,80,10,4.14,DO,1613798727
Arrondissement d'Ajaccio,42.0,8.9167,41.0,87,0,8.05,FR,1613798727
Kurchum,48.5722,83.6542,10.17,93,100,3.58,KZ,1613798727
Ayamé,5.6083,-3.1563,74.17,95,45,1.16,CI,1613798727
Tulun,54.5611,100.5792,11.3,90,98,23.51,RU,1613798730
Lakeside,30.13,-81.7682,50.0,87,20,6.91,US,1613798734
Banda Aceh,5.5577,95.3222,85.08,61,4,16.78,ID,1613798734
Kiryat Gat,31.61,34.7642,46.0,100,18,5.79,IL,1613798737
Chiredzi,-21.05,31.6667,73.36,77,93,1.03,ZW,1613798737
Gizo Government Station,-8.103,156.8419,84.56,67,80,0.89,SB,1613798740
Abhar,36.1468,49.218,33.12,81,0,0.89,IR,1613798741
New Amsterdam,6.25,-57.5167,73.9,90,86,4.97,GY,1613798741
Barra dos Coqueiros,-10.9089,-37.0386,80.6,74,40,9.22,BR,1613798741
Meulaboh,4.1363,96.1285,88.16,55,23,3.49,ID,1613798741
Buchanan,5.8808,-10.0467,77.85,87,99,3.27,LR,1613798742
Lompoc,34.6391,-120.4579,53.6,94,90,9.22,US,1613798480
Sicamous,50.8331,-118.9856,26.6,93,88,1.14,CA,1613798745
Grimshaw,56.1834,-117.6027,28.4,69,90,14.97,CA,1613798748
Hambantota,6.1241,81.1185,86.0,74,40,10.36,LK,1613798751
Peniche,39.3558,-9.3811,61.0,80,100,21.99,PT,1613798752
Comodoro Rivadavia,-45.8667,-67.5,55.4,67,0,3.44,AR,1613798752
Zhigansk,66.7697,123.3711,-28.66,81,24,3.49,RU,1613798755
Whitehorse,60.7161,-135.0538,17.01,86,90,10.36,CA,1613798755
Dallas,32.7668,-96.7836,32.0,64,1,8.05,US,1613798197
Pangnirtung,66.1451,-65.7125,-24.81,76,100,1.45,CA,1613798755
Ambon City,-3.6954,128.1814,84.2,74,40,16.11,ID,1613798755
Amahai,-3.3333,128.9167,88.61,58,12,9.13,ID,1613798759
Liwale,-9.7667,37.9333,72.54,90,100,2.3,TZ,1613798759
Kaoma,-14.7833,24.8,65.5,95,100,3.4,ZM,1613798762
Kahramanmaraş Province,38.0,37.0,26.6,80,0,5.75,TR,1613798762
Balkanabat,39.5108,54.3671,43.54,62,0,9.04,TM,1613798762
Melenci,45.5139,20.3172,51.01,93,75,1.14,RS,1613798762
Makat,47.6469,53.3463,15.04,89,13,11.9,KZ,1613798763
Fortuna,40.5982,-124.1573,46.0,100,90,9.84,US,1613798763
Härnösand,62.6323,17.9379,32.0,93,90,4.61,SE,1613798763
Koumra,8.9126,17.5539,64.15,27,35,5.06,TD,1613798763
Priyutnoye,46.1011,43.5072,15.57,95,8,1.14,RU,1613798763
Tomatlán,19.9333,-105.25,63.46,91,25,1.28,MX,1613798764
Da Lat,11.9465,108.4419,74.89,35,3,3.91,VN,1613798764
New Iberia,30.0035,-91.8187,30.0,93,1,3.44,US,1613798764
Naze,28.3667,129.4833,66.2,52,40,6.91,JP,1613798764
Buraidah,26.326,43.975,51.8,58,75,9.22,SA,1613798764
Matagami,49.7502,-77.6328,8.78,96,100,3.27,CA,1613798767
Stráž pod Ralskem,50.7028,14.801,37.0,86,34,5.06,CZ,1613798770
Montluçon,46.3333,2.6,44.01,77,73,7.49,FR,1613798770
Ixtapa,20.7,-105.2,73.4,73,90,3.49,MX,1613798771
Mendi,-6.1761,143.6513,65.28,93,80,2.51,PG,1613798771
Loreto,22.2667,-101.9667,44.83,58,0,4.79,MX,1613798774
Katunino,64.3862,40.6298,-34.6,74,20,2.48,RU,1613798774
Akdepe,42.0551,59.3788,28.4,86,0,4.61,TM,1613798777
Copala,16.65,-98.9833,70.75,77,0,5.77,MX,1613798778
Xining,36.6167,101.7667,42.58,36,0,3.18,CN,1613798778
New Glasgow,45.5834,-62.6486,23.0,74,99,9.22,CA,1613798778
Cayenne,4.9333,-52.3333,75.2,100,75,2.3,GF,1613798779
Lishu,43.3047,124.3278,29.1,76,100,4.27,CN,1613798782
Al Bardīyah,31.7561,25.0865,52.52,62,0,3.38,LY,1613798785
Ankang,32.68,109.0172,70.68,29,0,5.06,CN,1613798788
Sørland,67.667,12.6934,33.51,90,100,22.82,NO,1613798792
Acapulco de Juárez,16.8634,-99.8901,71.33,74,0,5.44,MX,1613798795
Sergeevka,53.88,67.4158,-2.11,91,100,13.8,KZ,1613798798
Gijang,35.2442,129.2139,64.4,36,0,14.97,KR,1613798798
Namatanai,-3.6667,152.4333,84.15,74,30,7.23,PG,1613798609
Auki,-8.7676,160.7034,83.28,78,87,6.22,SB,1613798798
Le Port,-20.9373,55.2919,86.0,66,0,17.27,RE,1613798798
Sanguéya,10.7,-14.3667,74.66,75,94,1.57,GN,1613798799
Nelson Bay,-32.7167,152.15,78.01,83,75,11.5,AU,1613798802
Berezovyy,51.6667,135.7,11.5,91,100,5.91,RU,1613798802
Manaus,-3.1019,-60.025,71.6,100,75,8.05,BR,1613798606
Linxia Chengguanzhen,35.6003,103.2064,50.47,31,0,1.83,CN,1613798802
Vao,-22.6667,167.4833,80.02,86,100,16.28,NC,1613798802
Livramento,-3.0254,-60.1803,71.6,100,75,12.66,BR,1613798805
Saint-Pierre,-21.3393,55.4781,84.99,70,75,1.14,RE,1613798718
Moses Lake,47.1301,-119.2781,32.0,80,90,6.91,US,1613798806
Adwa,14.1646,38.8955,62.4,62,3,3.83,ET,1613798806
Knysna,-34.0363,23.0471,64.4,82,40,6.91,ZA,1613798529
Ljungby,56.8332,13.9408,35.01,100,90,5.75,SE,1613798806
Trincomalee,8.5711,81.2335,80.82,81,86,12.82,LK,1613798806
Djibouti,11.5,42.5,71.06,78,40,8.88,DJ,1613798806
Touros,-5.1989,-35.4608,75.2,94,40,3.44,BR,1613798806
Tsiroanomandidy,-18.7667,46.0333,73.94,82,99,2.55,MG,1613798806
Yashalta,46.3395,42.2762,18.97,94,28,1.1,RU,1613798807
Pontianak,-0.0333,109.3333,87.8,58,75,5.75,ID,1613798807
Gōtsuchō,35.0,132.2167,64.4,48,20,16.11,JP,1613798579
Arrondissement de Saintes,45.6667,-0.75,52.0,76,0,21.85,FR,1613798807
Gold Coast,-28.0,153.4333,80.01,69,100,10.36,AU,1613798807
Kautokeino,69.0125,23.0412,-0.92,91,99,5.55,NO,1613798811
Russell,32.3502,-85.1999,39.2,60,1,4.61,US,1613798604
Evensk,61.95,159.2333,7.97,84,98,11.45,RU,1613798814
Cornwall,45.0181,-74.7281,17.6,86,90,5.75,CA,1613798814
Nantucket,41.2835,-70.0995,33.01,93,90,21.85,US,1613798614
Forsytheganj,52.6333,29.7333,4.01,94,46,5.75,BY,1613798815
San Ramon,37.7799,-121.978,51.01,87,75,11.5,US,1613798815
Jalu,29.0331,21.5482,49.5,67,0,3.69,LY,1613798815
Guerrero Negro,27.9769,-114.0611,60.04,62,0,9.46,MX,1613798815
Mareeba,-17.0,145.4333,82.4,65,75,9.22,AU,1613798818
Coos Bay,43.3665,-124.2179,42.8,93,90,10.36,US,1613798818
Mabaruma,8.2,-59.7833,69.75,94,8,2.84,GY,1613798818
Foki,56.693,54.3499,-4.41,92,89,2.98,RU,1613798819
Keti Bandar,24.1447,67.4497,81.84,19,74,10.29,PK,1613798652
Gilbués,-9.8317,-45.3439,70.38,96,100,2.33,BR,1613798823
Goderich,43.7501,-81.7165,24.8,74,70,9.22,CA,1613798824
Puri,19.8,85.85,77.0,61,75,8.05,IN,1613798824
Lindi,-10.0,39.7167,77.0,94,75,8.05,TZ,1613798828
Mehrān,33.1222,46.1646,33.8,69,0,4.61,IR,1613798828
Rochegda,62.8,43.25,-21.46,87,60,3.29,RU,1613798828
Bairiki Village,1.3292,172.9752,84.2,70,20,9.22,KI,1613798829
Kysyl-Syr,63.8986,122.7617,-15.68,86,99,0.51,RU,1613798829
Krasnorechenskiy,44.6265,135.3532,16.36,91,85,16.82,RU,1613798832
Roald,62.5833,6.1333,42.8,81,75,6.91,NO,1613798832
Ardakān,32.31,54.0175,39.2,35,0,2.3,IR,1613798832
Stornoway,58.2093,-6.3865,46.4,87,90,26.46,GB,1613798833
Kango,0.1943,10.0951,73.42,95,57,0.45,GA,1613798833
Swan Hill,-35.3378,143.5544,93.56,24,82,15.01,AU,1613798833
Abnūb,27.2696,31.1511,44.6,87,0,5.75,EG,1613798837
Camacha,33.0833,-16.3333,64.4,88,75,23.02,PT,1613798840
Windhoek,-22.5594,17.0832,64.99,63,20,5.75,NA,1613798840
Cruz Grande,16.7333,-99.1333,66.94,82,0,3.51,MX,1613798841
Andenes,69.3143,16.1194,26.6,74,99,23.02,NO,1613798841
Taguatinga,-12.3857,-46.5711,70.47,94,100,2.28,BR,1613798841
Koson,39.0375,65.585,39.2,70,90,4.61,UZ,1613798844
Koungou,-12.7336,45.2042,78.8,78,100,17.27,YT,1613798844
Fort Thomas,39.0751,-84.4472,15.8,67,1,3.85,US,1613798845
Kostanay,53.1667,63.5833,-9.4,77,0,13.42,KZ,1613798845
Vanimo,-2.6741,141.3028,85.69,61,81,5.19,PG,1613798848
Togitsu,32.8333,129.85,62.6,59,20,29.93,JP,1613798849
Verkhnevilyuysk,63.4453,120.3167,-15.12,86,97,1.12,RU,1613798849
Moerai,-22.4333,-151.3333,80.33,76,79,16.69,PF,1613798849
Tiznit Province,29.5833,-9.5,54.97,39,0,1.72,MA,1613798852
Bathsheba,13.2167,-59.5167,77.0,69,20,23.02,BB,1613798853
Waingapu,-9.6567,120.2641,85.24,70,100,13.33,ID,1613798856
Adrar,20.5022,-10.0711,63.39,25,0,9.46,MR,1613798856
Severnyy,50.677,36.5532,5.0,85,99,4.47,RU,1613798856
Kuju,23.7167,85.5,73.4,49,75,3.44,IN,1613798857
Myanaung,18.2833,95.3167,92.84,32,89,4.05,MM,1613798857
Suntar,62.1444,117.6319,-15.68,85,93,0.54,RU,1613798860
Noumea,-22.2763,166.4572,89.01,74,75,10.36,NC,1613798861
Arman',59.7,150.1667,3.15,84,33,11.36,RU,1613798861
Kokopo,-4.352,152.2633,84.45,70,19,4.0,PG,1613798861
Nikolayevsk-on-Amur,53.1406,140.73,12.65,93,100,4.65,RU,1613798865
Solikamsk,59.6196,56.7729,-6.77,90,98,3.87,RU,1613798865
Bentiu,9.2333,29.8333,64.89,23,57,5.19,SS,1613798865
Bud,39.447,-86.1758,17.6,79,90,5.39,US,1613798865
